id,label
te00000,1
te00001,1
te00002,1
te00003,1
te00004,1
te00005,1
te00006,1
te00007,1
te00008,1
te00009,1
te00010,1
te00011,1
te00012,1
te00013,1
te00014,1
te00015,1
te00016,1
te00017,1
te00018,1
te00019,1
te00020,1
te00021,1
te00022,1
te00023,1
te00024,1
te00025,1
te00026,1
te00027,1
te00028,1
te00029,1
te00030,1
te00031,1
te00032,1
te00033,1
te00034,1
te00035,1
te00036,1
te00037,1
te00038,1
te00039,1
te00040,1
te00041,1
te00042,1
te00043,1
te00044,1
te00045,1
te00046,1
te00047,1
te00048,1
te00049,1
te00050,1
te00051,1
te00052,1
te00053,1
te00054,1
te00055,1
te00056,1
te00057,1
te00058,1
te00059,1
te00060,1
te00061,1
te00062,1
te00063,1
te00064,1
te00065,1
te00066,1
te00067,1
te00068,1
te00069,1
te00070,1
te00071,1
te00072,1
te00073,1
te00074,1
te00075,1
te00076,1
te00077,1
te00078,1
te00079,1
te00080,1
te00081,1
te00082,1
te00083,1
te00084,1
te00085,1
te00086,1
te00087,1
te00088,1
te00089,1
te00090,1
te00091,1
te00092,1
te00093,1
te00094,1
te00095,1
te00096,1
te00097,1
te00098,1
te00099,1
te00100,1
te00101,1
te00102,1
te00103,1
te00104,1
te00105,1
te00106,1
te00107,1
te00108,1
te00109,1
te00110,1
te00111,1
te00112,1
te00113,1
te00114,1
te00115,1
te00116,1
te00117,1
te00118,1
te00119,1
te00120,1
te00121,1
te00122,1
te00123,1
te00124,1
te00125,1
te00126,1
te00127,1
te00128,1
te00129,1
te00130,1
te00131,1
te00132,1
te00133,1
te00134,1
te00135,1
te00136,1
te00137,1
te00138,1
te00139,1
te00140,1
te00141,1
te00142,1
te00143,1
te00144,1
te00145,1
te00146,1
te00147,1
te00148,1
te00149,1
te00150,1
te00151,1
te00152,1
te00153,1
te00154,1
te00155,1
te00156,1
te00157,1
te00158,1
te00159,1
te00160,1
te00161,1
te00162,1
te00163,1
te00164,1
te00165,1
te00166,1
te00167,1
te00168,1
te00169,1
te00170,1
te00171,1
te00172,1
te00173,1
te00174,1
te00175,1
te00176,1
te00177,1
te00178,1
te00179,1
te00180,1
te00181,1
te00182,1
te00183,1
te00184,1
te00185,1
te00186,1
te00187,1
te00188,1
te00189,1
te00190,1
te00191,1
te00192,1
te00193,1
te00194,1
te00195,1
te00196,1
te00197,1
te00198,1
te00199,1
te00200,1
te00201,1
te00202,1
te00203,1
te00204,1
te00205,1
te00206,1
te00207,1
te00208,1
te00209,1
te00210,1
te00211,1
te00212,1
te00213,1
te00214,1
te00215,1
te00216,1
te00217,1
te00218,1
te00219,1
te00220,1
te00221,1
te00222,1
te00223,1
te00224,1
te00225,1
te00226,1
te00227,1
te00228,1
te00229,1
te00230,1
te00231,1
te00232,1
te00233,1
te00234,1
te00235,1
te00236,1
te00237,1
te00238,1
te00239,1
te00240,1
te00241,1
te00242,1
te00243,1
te00244,1
te00245,1
te00246,1
te00247,1
te00248,1
te00249,1
te00250,1
te00251,1
te00252,1
te00253,1
te00254,1
te00255,1
te00256,1
te00257,1
te00258,1
te00259,1
te00260,1
te00261,1
te00262,1
te00263,1
te00264,1
te00265,1
te00266,1
te00267,1
te00268,1
te00269,1
te00270,1
te00271,1
te00272,1
te00273,1
te00274,1
te00275,1
te00276,1
te00277,1
te00278,1
te00279,1
te00280,1
te00281,1
te00282,1
te00283,1
te00284,1
te00285,1
te00286,1
te00287,1
te00288,1
te00289,1
te00290,1
te00291,1
te00292,1
te00293,1
te00294,1
te00295,1
te00296,1
te00297,1
te00298,1
te00299,1
te00300,1
te00301,1
te00302,1
te00303,1
te00304,1
te00305,1
te00306,1
te00307,1
te00308,1
te00309,1
te00310,1
te00311,1
te00312,1
te00313,1
te00314,1
te00315,1
te00316,1
te00317,1
te00318,1
te00319,1
te00320,1
te00321,1
te00322,1
te00323,1
te00324,1
te00325,1
te00326,1
te00327,1
te00328,1
te00329,1
te00330,1
te00331,1
te00332,1
te00333,1
te00334,1
te00335,1
te00336,1
te00337,1
te00338,1
te00339,1
te00340,1
te00341,1
te00342,1
te00343,1
te00344,1
te00345,1
te00346,1
te00347,1
te00348,1
te00349,1
te00350,1
te00351,1
te00352,1
te00353,1
te00354,1
te00355,1
te00356,1
te00357,1
te00358,1
te00359,1
te00360,1
te00361,1
te00362,1
te00363,1
te00364,1
te00365,1
te00366,1
te00367,1
te00368,1
te00369,1
te00370,1
te00371,1
te00372,1
te00373,1
te00374,1
te00375,1
te00376,1
te00377,1
te00378,1
te00379,1
te00380,1
te00381,1
te00382,1
te00383,1
te00384,1
te00385,1
te00386,1
te00387,1
te00388,1
te00389,1
te00390,1
te00391,1
te00392,1
te00393,1
te00394,1
te00395,1
te00396,1
te00397,1
te00398,1
te00399,1
te00400,1
te00401,1
te00402,1
te00403,1
te00404,1
te00405,1
te00406,1
te00407,1
te00408,1
te00409,1
te00410,1
te00411,1
te00412,1
te00413,1
te00414,1
te00415,1
te00416,1
te00417,1
te00418,1
te00419,1
te00420,1
te00421,1
te00422,1
te00423,1
te00424,1
te00425,1
te00426,1
te00427,1
te00428,1
te00429,1
te00430,1
te00431,1
te00432,1
te00433,1
te00434,1
te00435,1
te00436,1
te00437,1
te00438,1
te00439,1
te00440,1
te00441,1
te00442,1
te00443,1
te00444,1
te00445,1
te00446,1
te00447,1
te00448,1
te00449,1
te00450,1
te00451,1
te00452,1
te00453,1
te00454,1
te00455,1
te00456,1
te00457,1
te00458,1
te00459,1
te00460,1
te00461,1
te00462,1
te00463,1
te00464,1
te00465,1
te00466,1
te00467,1
te00468,1
te00469,1
te00470,1
te00471,1
te00472,1
te00473,1
te00474,1
te00475,1
te00476,1
te00477,1
te00478,1
te00479,1
te00480,1
te00481,1
te00482,1
te00483,1
te00484,1
te00485,1
te00486,1
te00487,1
te00488,1
te00489,1
te00490,1
te00491,1
te00492,1
te00493,1
te00494,1
te00495,1
te00496,1
te00497,1
te00498,1
te00499,1
te00500,1
te00501,1
te00502,1
te00503,1
te00504,1
te00505,1
te00506,1
te00507,1
te00508,1
te00509,1
te00510,1
te00511,1
te00512,1
te00513,1
te00514,1
te00515,1
te00516,1
te00517,1
te00518,1
te00519,1
te00520,1
te00521,1
te00522,1
te00523,1
te00524,1
te00525,1
te00526,1
te00527,1
te00528,1
te00529,1
te00530,1
te00531,1
te00532,1
te00533,1
te00534,1
te00535,1
te00536,1
te00537,1
te00538,1
te00539,1
te00540,1
te00541,1
te00542,1
te00543,1
te00544,1
te00545,1
te00546,1
te00547,1
te00548,1
te00549,1
te00550,1
te00551,1
te00552,1
te00553,1
te00554,1
te00555,1
te00556,1
te00557,1
te00558,1
te00559,1
te00560,1
te00561,1
te00562,1
te00563,1
te00564,1
te00565,1
te00566,1
te00567,1
te00568,1
te00569,1
te00570,1
te00571,1
te00572,1
te00573,1
te00574,1
te00575,1
te00576,1
te00577,1
te00578,1
te00579,1
te00580,1
te00581,1
te00582,1
te00583,1
te00584,1
te00585,1
te00586,1
te00587,1
te00588,1
te00589,1
te00590,1
te00591,1
te00592,1
te00593,1
te00594,1
te00595,1
te00596,1
te00597,1
te00598,1
te00599,1
te00600,1
te00601,1
te00602,1
te00603,1
te00604,1
te00605,1
te00606,1
te00607,1
te00608,1
te00609,1
te00610,1
te00611,1
te00612,1
te00613,1
te00614,1
te00615,1
te00616,1
te00617,1
te00618,1
te00619,1
te00620,1
te00621,1
te00622,1
te00623,1
te00624,1
te00625,1
te00626,1
te00627,1
te00628,1
te00629,1
te00630,1
te00631,1
te00632,1
te00633,1
te00634,1
te00635,1
te00636,1
te00637,1
te00638,1
te00639,1
te00640,1
te00641,1
te00642,1
te00643,1
te00644,1
te00645,1
te00646,1
te00647,1
te00648,1
te00649,1
te00650,1
te00651,1
te00652,1
te00653,1
te00654,1
te00655,1
te00656,1
te00657,1
te00658,1
te00659,1
te00660,1
te00661,1
te00662,1
te00663,1
te00664,1
te00665,1
te00666,1
te00667,1
te00668,1
te00669,1
te00670,1
te00671,1
te00672,1
te00673,1
te00674,1
te00675,1
te00676,1
te00677,1
te00678,1
te00679,1
te00680,1
te00681,1
te00682,1
te00683,1
te00684,1
te00685,1
te00686,1
te00687,1
te00688,1
te00689,1
te00690,1
te00691,1
te00692,1
te00693,1
te00694,1
te00695,1
te00696,1
te00697,1
te00698,1
te00699,1
te00700,1
te00701,1
te00702,1
te00703,1
te00704,1
te00705,1
te00706,1
te00707,1
te00708,1
te00709,1
te00710,1
te00711,1
te00712,1
te00713,1
te00714,1
te00715,1
te00716,1
te00717,1
te00718,1
te00719,1
te00720,1
te00721,1
te00722,1
te00723,1
te00724,1
te00725,1
te00726,1
te00727,1
te00728,1
te00729,1
te00730,1
te00731,1
te00732,1
te00733,1
te00734,1
te00735,1
te00736,1
te00737,1
te00738,1
te00739,1
te00740,1
te00741,1
te00742,1
te00743,1
te00744,1
te00745,1
te00746,1
te00747,1
te00748,1
te00749,1
te00750,1
te00751,1
te00752,1
te00753,1
te00754,1
te00755,1
te00756,1
te00757,1
te00758,1
te00759,1
te00760,1
te00761,1
te00762,1
te00763,1
te00764,1
te00765,1
te00766,1
te00767,1
te00768,1
te00769,1
te00770,1
te00771,1
te00772,1
te00773,1
te00774,1
te00775,1
te00776,1
te00777,1
te00778,1
te00779,1
te00780,1
te00781,1
te00782,1
te00783,1
te00784,1
te00785,1
te00786,1
te00787,1
te00788,1
te00789,1
te00790,1
te00791,1
te00792,1
te00793,1
te00794,1
te00795,1
te00796,1
te00797,1
te00798,1
te00799,1
te00800,1
te00801,1
te00802,1
te00803,1
te00804,1
te00805,1
te00806,1
te00807,1
te00808,1
te00809,1
te00810,1
te00811,1
te00812,1
te00813,1
te00814,1
te00815,1
te00816,1
te00817,1
te00818,1
te00819,1
te00820,1
te00821,1
te00822,1
te00823,1
te00824,1
te00825,1
te00826,1
te00827,1
te00828,1
te00829,1
te00830,1
te00831,1
te00832,1
te00833,1
te00834,1
te00835,1
te00836,1
te00837,1
te00838,1
te00839,1
te00840,1
te00841,1
te00842,1
te00843,1
te00844,1
te00845,1
te00846,1
te00847,1
te00848,1
te00849,1
te00850,1
te00851,1
te00852,1
te00853,1
te00854,1
te00855,1
te00856,1
te00857,1
te00858,1
te00859,1
te00860,1
te00861,1
te00862,1
te00863,1
te00864,1
te00865,1
te00866,1
te00867,1
te00868,1
te00869,1
te00870,1
te00871,1
te00872,1
te00873,1
te00874,1
te00875,1
te00876,1
te00877,1
te00878,1
te00879,1
te00880,1
te00881,1
te00882,1
te00883,1
te00884,1
te00885,1
te00886,1
te00887,1
te00888,1
te00889,1
te00890,1
te00891,1
te00892,1
te00893,1
te00894,1
te00895,1
te00896,1
te00897,1
te00898,1
te00899,1
te00900,1
te00901,1
te00902,1
te00903,1
te00904,1
te00905,1
te00906,1
te00907,1
te00908,1
te00909,1
te00910,1
te00911,1
te00912,1
te00913,1
te00914,1
te00915,1
te00916,1
te00917,1
te00918,1
te00919,1
te00920,1
te00921,1
te00922,1
te00923,1
te00924,1
te00925,1
te00926,1
te00927,1
te00928,1
te00929,1
te00930,1
te00931,1
te00932,1
te00933,1
te00934,1
te00935,1
te00936,1
te00937,1
te00938,1
te00939,1
te00940,1
te00941,1
te00942,1
te00943,1
te00944,1
te00945,1
te00946,1
te00947,1
te00948,1
te00949,1
te00950,1
te00951,1
te00952,1
te00953,1
te00954,1
te00955,1
te00956,1
te00957,1
te00958,1
te00959,1
te00960,1
te00961,1
te00962,1
te00963,1
te00964,1
te00965,1
te00966,1
te00967,1
te00968,1
te00969,1
te00970,1
te00971,1
te00972,1
te00973,1
te00974,1
te00975,1
te00976,1
te00977,1
te00978,1
te00979,1
te00980,1
te00981,1
te00982,1
te00983,1
te00984,1
te00985,1
te00986,1
te00987,1
te00988,1
te00989,1
te00990,1
te00991,1
te00992,1
te00993,1
te00994,1
te00995,1
te00996,1
te00997,1
te00998,1
te00999,1
te01000,1
te01001,1
te01002,1
te01003,1
te01004,1
te01005,1
te01006,1
te01007,1
te01008,1
te01009,1
te01010,1
te01011,1
te01012,1
te01013,1
te01014,1
te01015,1
te01016,1
te01017,1
te01018,1
te01019,1
te01020,1
te01021,1
te01022,1
te01023,1
te01024,1
te01025,1
te01026,1
te01027,1
te01028,1
te01029,1
te01030,1
te01031,1
te01032,1
te01033,1
te01034,1
te01035,1
te01036,1
te01037,1
te01038,1
te01039,1
te01040,1
te01041,1
te01042,1
te01043,1
te01044,1
te01045,1
te01046,1
te01047,1
te01048,1
te01049,1
te01050,1
te01051,1
te01052,1
te01053,1
te01054,1
te01055,1
te01056,1
te01057,1
te01058,1
te01059,1
te01060,1
te01061,1
te01062,1
te01063,1
te01064,1
te01065,1
te01066,1
te01067,1
te01068,1
te01069,1
te01070,1
te01071,1
te01072,1
te01073,1
te01074,1
te01075,1
te01076,1
te01077,1
te01078,1
te01079,1
te01080,1
te01081,1
te01082,1
te01083,1
te01084,1
te01085,1
te01086,1
te01087,1
te01088,1
te01089,1
te01090,1
te01091,1
te01092,1
te01093,1
te01094,1
te01095,1
te01096,1
te01097,1
te01098,1
te01099,1
te01100,1
te01101,1
te01102,1
te01103,1
te01104,1
te01105,1
te01106,1
te01107,1
te01108,1
te01109,1
te01110,1
te01111,1
te01112,1
te01113,1
te01114,1
te01115,1
te01116,1
te01117,1
te01118,1
te01119,1
te01120,1
te01121,1
te01122,1
te01123,1
te01124,1
te01125,1
te01126,1
te01127,1
te01128,1
te01129,1
te01130,1
te01131,1
te01132,1
te01133,1
te01134,1
te01135,1
te01136,1
te01137,1
te01138,1
te01139,1
te01140,1
te01141,1
te01142,1
te01143,1
te01144,1
te01145,1
te01146,1
te01147,1
te01148,1
te01149,1
te01150,1
te01151,1
te01152,1
te01153,1
te01154,1
te01155,1
te01156,1
te01157,1
te01158,1
te01159,1
te01160,1
te01161,1
te01162,1
te01163,1
te01164,1
te01165,1
te01166,1
te01167,1
te01168,1
te01169,1
te01170,1
te01171,1
te01172,1
te01173,1
te01174,1
te01175,1
te01176,1
te01177,1
te01178,1
te01179,1
te01180,1
te01181,1
te01182,1
te01183,1
te01184,1
te01185,1
te01186,1
te01187,1
te01188,1
te01189,1
te01190,1
te01191,1
te01192,1
te01193,1
te01194,1
te01195,1
te01196,1
te01197,1
te01198,1
te01199,1
te01200,1
te01201,1
te01202,1
te01203,1
te01204,1
te01205,1
te01206,1
te01207,1
te01208,1
te01209,1
te01210,1
te01211,1
te01212,1
te01213,1
te01214,1
te01215,1
te01216,1
te01217,1
te01218,1
te01219,1
te01220,1
te01221,1
te01222,1
te01223,1
te01224,1
te01225,1
te01226,1
te01227,1
te01228,1
te01229,1
te01230,1
te01231,1
te01232,1
te01233,1
te01234,1
te01235,1
te01236,1
te01237,1
te01238,1
te01239,1
te01240,1
te01241,1
te01242,1
te01243,1
te01244,1
te01245,1
te01246,1
te01247,1
te01248,1
te01249,1
te01250,1
te01251,1
te01252,1
te01253,1
te01254,1
te01255,1
te01256,1
te01257,1
te01258,1
te01259,1
te01260,1
te01261,1
te01262,1
te01263,1
te01264,1
te01265,1
te01266,1
te01267,1
te01268,1
te01269,1
te01270,1
te01271,1
te01272,1
te01273,1
te01274,1
te01275,1
te01276,1
te01277,1
te01278,1
te01279,1
te01280,1
te01281,1
te01282,1
te01283,1
te01284,1
te01285,1
te01286,1
te01287,1
te01288,1
te01289,1
te01290,1
te01291,1
te01292,1
te01293,1
te01294,1
te01295,1
te01296,1
te01297,1
te01298,1
te01299,1
te01300,1
te01301,1
te01302,1
te01303,1
te01304,1
te01305,1
te01306,1
te01307,1
te01308,1
te01309,1
te01310,1
te01311,1
te01312,1
te01313,1
te01314,1
te01315,1
te01316,1
te01317,1
te01318,1
te01319,1
te01320,1
te01321,1
te01322,1
te01323,1
te01324,1
te01325,1
te01326,1
te01327,1
te01328,1
te01329,1
te01330,1
te01331,1
te01332,1
te01333,1
te01334,1
te01335,1
te01336,1
te01337,1
te01338,1
te01339,1
te01340,1
te01341,1
te01342,1
te01343,1
te01344,1
te01345,1
te01346,1
te01347,1
te01348,1
te01349,1
te01350,1
te01351,1
te01352,1
te01353,1
te01354,1
te01355,1
te01356,1
te01357,1
te01358,1
te01359,1
te01360,1
te01361,1
te01362,1
te01363,1
te01364,1
te01365,1
te01366,1
te01367,1
te01368,1
te01369,1
te01370,1
te01371,1
te01372,1
te01373,1
te01374,1
te01375,1
te01376,1
te01377,1
te01378,1
te01379,1
te01380,1
te01381,1
te01382,1
te01383,1
te01384,1
te01385,1
te01386,1
te01387,1
te01388,1
te01389,1
te01390,1
te01391,1
te01392,1
te01393,1
te01394,1
te01395,1
te01396,1
te01397,1
te01398,1
te01399,1
te01400,1
te01401,1
te01402,1
te01403,1
te01404,1
te01405,1
te01406,1
te01407,1
te01408,1
te01409,1
te01410,1
te01411,1
te01412,1
te01413,1
te01414,1
te01415,1
te01416,1
te01417,1
te01418,1
te01419,1
te01420,1
te01421,1
te01422,1
te01423,1
te01424,1
te01425,1
te01426,1
te01427,1
te01428,1
te01429,1
te01430,1
te01431,1
te01432,1
te01433,1
te01434,1
te01435,1
te01436,1
te01437,1
te01438,1
te01439,1
te01440,1
te01441,1
te01442,1
te01443,1
te01444,1
te01445,1
te01446,1
te01447,1
te01448,1
te01449,1
te01450,1
te01451,1
te01452,1
te01453,1
te01454,1
te01455,1
te01456,1
te01457,1
te01458,1
te01459,1
te01460,1
te01461,1
te01462,1
te01463,1
te01464,1
te01465,1
te01466,1
te01467,1
te01468,1
te01469,1
te01470,1
te01471,1
te01472,1
te01473,1
te01474,1
te01475,1
te01476,1
te01477,1
te01478,1
te01479,1
te01480,1
te01481,1
te01482,1
te01483,1
te01484,1
te01485,1
te01486,1
te01487,1
te01488,1
te01489,1
te01490,1
te01491,1
te01492,1
te01493,1
te01494,1
te01495,1
te01496,1
te01497,1
te01498,1
te01499,1
te01500,1
te01501,1
te01502,1
te01503,1
te01504,1
te01505,1
te01506,1
te01507,1
te01508,1
te01509,1
te01510,1
te01511,1
te01512,1
te01513,1
te01514,1
te01515,1
te01516,1
te01517,1
te01518,1
te01519,1
te01520,1
te01521,1
te01522,1
te01523,1
te01524,1
te01525,1
te01526,1
te01527,1
te01528,1
te01529,1
te01530,1
te01531,1
te01532,1
te01533,1
te01534,1
te01535,1
te01536,1
te01537,1
te01538,1
te01539,1
te01540,1
te01541,1
te01542,1
te01543,1
te01544,1
te01545,1
te01546,1
te01547,1
te01548,1
te01549,1
te01550,1
te01551,1
te01552,1
te01553,1
te01554,1
te01555,1
te01556,1
te01557,1
te01558,1
te01559,1
te01560,1
te01561,1
te01562,1
te01563,1
te01564,1
te01565,1
te01566,1
te01567,1
te01568,1
te01569,1
te01570,1
te01571,1
te01572,1
te01573,1
te01574,1
te01575,1
te01576,1
te01577,1
te01578,1
te01579,1
te01580,1
te01581,1
te01582,1
te01583,1
te01584,1
te01585,1
te01586,1
te01587,1
te01588,1
te01589,1
te01590,1
te01591,1
te01592,1
te01593,1
te01594,1
te01595,1
te01596,1
te01597,1
te01598,1
te01599,1
te01600,1
te01601,1
te01602,1
te01603,1
te01604,1
te01605,1
te01606,1
te01607,1
te01608,1
te01609,1
te01610,1
te01611,1
te01612,1
te01613,1
te01614,1
te01615,1
te01616,1
te01617,1
te01618,1
te01619,1
te01620,1
te01621,1
te01622,1
te01623,1
te01624,1
te01625,1
te01626,1
te01627,1
te01628,1
te01629,1
te01630,1
te01631,1
te01632,1
te01633,1
te01634,1
te01635,1
te01636,1
te01637,1
te01638,1
te01639,1
te01640,1
te01641,1
te01642,1
te01643,1
te01644,1
te01645,1
te01646,1
te01647,1
te01648,1
te01649,1
te01650,1
te01651,1
te01652,1
te01653,1
te01654,1
te01655,1
te01656,1
te01657,1
te01658,1
te01659,1
te01660,1
te01661,1
te01662,1
te01663,1
te01664,1
te01665,1
te01666,1
te01667,1
te01668,1
te01669,1
te01670,1
te01671,1
te01672,1
te01673,1
te01674,1
te01675,1
te01676,1
te01677,1
te01678,1
te01679,1
te01680,1
te01681,1
te01682,1
te01683,1
te01684,1
te01685,1
te01686,1
te01687,1
te01688,1
te01689,1
te01690,1
te01691,1
te01692,1
te01693,1
te01694,1
te01695,1
te01696,1
te01697,1
te01698,1
te01699,1
te01700,1
te01701,1
te01702,1
te01703,1
te01704,1
te01705,1
te01706,1
te01707,1
te01708,1
te01709,1
te01710,1
te01711,1
te01712,1
te01713,1
te01714,1
te01715,1
te01716,1
te01717,1
te01718,1
te01719,1
te01720,1
te01721,1
te01722,1
te01723,1
te01724,1
te01725,1
te01726,1
te01727,1
te01728,1
te01729,1
te01730,1
te01731,1
te01732,1
te01733,1
te01734,1
te01735,1
te01736,1
te01737,1
te01738,1
te01739,1
te01740,1
te01741,1
te01742,1
te01743,1
te01744,1
te01745,1
te01746,1
te01747,1
te01748,1
te01749,1
te01750,1
te01751,1
te01752,1
te01753,1
te01754,1
te01755,1
te01756,1
te01757,1
te01758,1
te01759,1
te01760,1
te01761,1
te01762,1
te01763,1
te01764,1
te01765,1
te01766,1
te01767,1
te01768,1
te01769,1
te01770,1
te01771,1
te01772,1
te01773,1
te01774,1
te01775,1
te01776,1
te01777,1
te01778,1
te01779,1
te01780,1
te01781,1
te01782,1
te01783,1
te01784,1
te01785,1
te01786,1
te01787,1
te01788,1
te01789,1
te01790,1
te01791,1
te01792,1
te01793,1
te01794,1
te01795,1
te01796,1
te01797,1
te01798,1
te01799,1
te01800,1
te01801,1
te01802,1
te01803,1
te01804,1
te01805,1
te01806,1
te01807,1
te01808,1
te01809,1
te01810,1
te01811,1
te01812,1
te01813,1
te01814,1
te01815,1
te01816,1
te01817,1
te01818,1
te01819,1
te01820,1
te01821,1
te01822,1
te01823,1
te01824,1
te01825,1
te01826,1
te01827,1
te01828,1
te01829,1
te01830,1
te01831,1
te01832,1
te01833,1
te01834,1
te01835,1
te01836,1
te01837,1
te01838,1
te01839,1
te01840,1
te01841,1
te01842,1
te01843,1
te01844,1
te01845,1
te01846,1
te01847,1
te01848,1
te01849,1
te01850,1
te01851,1
te01852,1
te01853,1
te01854,1
te01855,1
te01856,1
te01857,1
te01858,1
te01859,1
te01860,1
te01861,1
te01862,1
te01863,1
te01864,1
te01865,1
te01866,1
te01867,1
te01868,1
te01869,1
te01870,1
te01871,1
te01872,1
te01873,1
te01874,1
te01875,1
te01876,1
te01877,1
te01878,1
te01879,1
te01880,1
te01881,1
te01882,1
te01883,1
te01884,1
te01885,1
te01886,1
te01887,1
te01888,1
te01889,1
te01890,1
te01891,1
te01892,1
te01893,1
te01894,1
te01895,1
te01896,1
te01897,1
te01898,1
te01899,1
te01900,1
te01901,1
te01902,1
te01903,1
te01904,1
te01905,1
te01906,1
te01907,1
te01908,1
te01909,1
te01910,1
te01911,1
te01912,1
te01913,1
te01914,1
te01915,1
te01916,1
te01917,1
te01918,1
te01919,1
te01920,1
te01921,1
te01922,1
te01923,1
te01924,1
te01925,1
te01926,1
te01927,1
te01928,1
te01929,1
te01930,1
te01931,1
te01932,1
te01933,1
te01934,1
te01935,1
te01936,1
te01937,1
te01938,1
te01939,1
te01940,1
te01941,1
te01942,1
te01943,1
te01944,1
te01945,1
te01946,1
te01947,1
te01948,1
te01949,1
te01950,1
te01951,1
te01952,1
te01953,1
te01954,1
te01955,1
te01956,1
te01957,1
te01958,1
te01959,1
te01960,1
te01961,1
te01962,1
te01963,1
te01964,1
te01965,1
te01966,1
te01967,1
te01968,1
te01969,1
te01970,1
te01971,1
te01972,1
te01973,1
te01974,1
te01975,1
te01976,1
te01977,1
te01978,1
te01979,1
te01980,1
te01981,1
te01982,1
te01983,1
te01984,1
te01985,1
te01986,1
te01987,1
te01988,1
te01989,1
te01990,1
te01991,1
te01992,1
te01993,1
te01994,1
te01995,1
te01996,1
te01997,1
te01998,1
te01999,1
te02000,1
te02001,1
te02002,1
te02003,1
te02004,1
te02005,1
te02006,1
te02007,1
te02008,1
te02009,1
te02010,1
te02011,1
te02012,1
te02013,1
te02014,1
te02015,1
te02016,1
te02017,1
te02018,1
te02019,1
te02020,1
te02021,1
te02022,1
te02023,1
te02024,1
te02025,1
te02026,1
te02027,1
te02028,1
te02029,1
te02030,1
te02031,1
te02032,1
te02033,1
te02034,1
te02035,1
te02036,1
te02037,1
te02038,1
te02039,1
te02040,1
te02041,1
te02042,1
te02043,1
te02044,1
te02045,1
te02046,1
te02047,1
te02048,1
te02049,1
te02050,1
te02051,1
te02052,1
te02053,1
te02054,1
te02055,1
te02056,1
te02057,1
te02058,1
te02059,1
te02060,1
te02061,1
te02062,1
te02063,1
te02064,1
te02065,1
te02066,1
te02067,1
te02068,1
te02069,1
te02070,1
te02071,1
te02072,1
te02073,1
te02074,1
te02075,1
te02076,1
te02077,1
te02078,1
te02079,1
te02080,1
te02081,1
te02082,1
te02083,1
te02084,1
te02085,1
te02086,1
te02087,1
te02088,1
te02089,1
te02090,1
te02091,1
te02092,1
te02093,1
te02094,1
te02095,1
te02096,1
te02097,1
te02098,1
te02099,1
te02100,1
te02101,1
te02102,1
te02103,1
te02104,1
te02105,1
te02106,1
te02107,1
te02108,1
te02109,1
te02110,1
te02111,1
te02112,1
te02113,1
te02114,1
te02115,1
te02116,1
te02117,1
te02118,1
te02119,1
te02120,1
te02121,1
te02122,1
te02123,1
te02124,1
te02125,1
te02126,1
te02127,1
te02128,1
te02129,1
te02130,1
te02131,1
te02132,1
te02133,1
te02134,1
te02135,1
te02136,1
te02137,1
te02138,1
te02139,1
te02140,1
te02141,1
te02142,1
te02143,1
te02144,1
te02145,1
te02146,1
te02147,1
te02148,1
te02149,1
te02150,1
te02151,1
te02152,1
te02153,1
te02154,1
te02155,1
te02156,1
te02157,1
te02158,1
te02159,1
te02160,1
te02161,1
te02162,1
te02163,1
te02164,1
te02165,1
te02166,1
te02167,1
te02168,1
te02169,1
te02170,1
te02171,1
te02172,1
te02173,1
te02174,1
te02175,1
te02176,1
te02177,1
te02178,1
te02179,1
te02180,1
te02181,1
te02182,1
te02183,1
te02184,1
te02185,1
te02186,1
te02187,1
te02188,1
te02189,1
te02190,1
te02191,1
te02192,1
te02193,1
te02194,1
te02195,1
te02196,1
te02197,1
te02198,1
te02199,1
te02200,1
te02201,1
te02202,1
te02203,1
te02204,1
te02205,1
te02206,1
te02207,1
te02208,1
te02209,1
te02210,1
te02211,1
te02212,1
te02213,1
te02214,1
te02215,1
te02216,1
te02217,1
te02218,1
te02219,1
te02220,1
te02221,1
te02222,1
te02223,1
te02224,1
te02225,1
te02226,1
te02227,1
te02228,1
te02229,1
te02230,1
te02231,1
te02232,1
te02233,1
te02234,1
te02235,1
te02236,1
te02237,1
te02238,1
te02239,1
te02240,1
te02241,1
te02242,1
te02243,1
te02244,1
te02245,1
te02246,1
te02247,1
te02248,1
te02249,1
te02250,1
te02251,1
te02252,1
te02253,1
te02254,1
te02255,1
te02256,1
te02257,1
te02258,1
te02259,1
te02260,1
te02261,1
te02262,1
te02263,1
te02264,1
te02265,1
te02266,1
te02267,1
te02268,1
te02269,1
te02270,1
te02271,1
te02272,1
te02273,1
te02274,1
te02275,1
te02276,1
te02277,1
te02278,1
te02279,1
te02280,1
te02281,1
te02282,1
te02283,1
te02284,1
te02285,1
te02286,1
te02287,1
te02288,1
te02289,1
te02290,1
te02291,1
te02292,1
te02293,1
te02294,1
te02295,1
te02296,1
te02297,1
te02298,1
te02299,1
te02300,1
te02301,1
te02302,1
te02303,1
te02304,1
te02305,1
te02306,1
te02307,1
te02308,1
te02309,1
te02310,1
te02311,1
te02312,1
te02313,1
te02314,1
te02315,1
te02316,1
te02317,1
te02318,1
te02319,1
te02320,1
te02321,1
te02322,1
te02323,1
te02324,1
te02325,1
te02326,1
te02327,1
te02328,1
te02329,1
te02330,1
te02331,1
te02332,1
te02333,1
te02334,1
te02335,1
te02336,1
te02337,1
te02338,1
te02339,1
te02340,1
te02341,1
te02342,1
te02343,1
te02344,1
te02345,1
te02346,1
te02347,1
te02348,1
te02349,1
te02350,1
te02351,1
te02352,1
te02353,1
te02354,1
te02355,1
te02356,1
te02357,1
te02358,1
te02359,1
te02360,1
te02361,1
te02362,1
te02363,1
te02364,1
te02365,1
te02366,1
te02367,1
te02368,1
te02369,1
te02370,1
te02371,1
te02372,1
te02373,1
te02374,1
te02375,1
te02376,1
te02377,1
te02378,1
te02379,1
te02380,1
te02381,1
te02382,1
te02383,1
te02384,1
te02385,1
te02386,1
te02387,1
te02388,1
te02389,1
te02390,1
te02391,1
te02392,1
te02393,1
te02394,1
te02395,1
te02396,1
te02397,1
te02398,1
te02399,1
te02400,1
te02401,1
te02402,1
te02403,1
te02404,1
te02405,1
te02406,1
te02407,1
te02408,1
te02409,1
te02410,1
te02411,1
te02412,1
te02413,1
te02414,1
te02415,1
te02416,1
te02417,1
te02418,1
te02419,1
te02420,1
te02421,1
te02422,1
te02423,1
te02424,1
te02425,1
te02426,1
te02427,1
te02428,1
te02429,1
te02430,1
te02431,1
te02432,1
te02433,1
te02434,1
te02435,1
te02436,1
te02437,1
te02438,1
te02439,1
te02440,1
te02441,1
te02442,1
te02443,1
te02444,1
te02445,1
te02446,1
te02447,1
te02448,1
te02449,1
te02450,1
te02451,1
te02452,1
te02453,1
te02454,1
te02455,1
te02456,1
te02457,1
te02458,1
te02459,1
te02460,1
te02461,1
te02462,1
te02463,1
te02464,1
te02465,1
te02466,1
te02467,1
te02468,1
te02469,1
te02470,1
te02471,1
te02472,1
te02473,1
te02474,1
te02475,1
te02476,1
te02477,1
te02478,1
te02479,1
te02480,1
te02481,1
te02482,1
te02483,1
te02484,1
te02485,1
te02486,1
te02487,1
te02488,1
te02489,1
te02490,1
te02491,1
te02492,1
te02493,1
te02494,1
te02495,1
te02496,1
te02497,1
te02498,1
te02499,1
te02500,1
te02501,1
te02502,1
te02503,1
te02504,1
te02505,1
te02506,1
te02507,1
te02508,1
te02509,1
te02510,1
te02511,1
te02512,1
te02513,1
te02514,1
te02515,1
te02516,1
te02517,1
te02518,1
te02519,1
te02520,1
te02521,1
te02522,1
te02523,1
te02524,1
te02525,1
te02526,1
te02527,1
te02528,1
te02529,1
te02530,1
te02531,1
te02532,1
te02533,1
te02534,1
te02535,1
te02536,1
te02537,1
te02538,1
te02539,1
te02540,1
te02541,1
te02542,1
te02543,1
te02544,1
te02545,1
te02546,1
te02547,1
te02548,1
te02549,1
te02550,1
te02551,1
te02552,1
te02553,1
te02554,1
te02555,1
te02556,1
te02557,1
te02558,1
te02559,1
te02560,1
te02561,1
te02562,1
te02563,1
te02564,1
te02565,1
te02566,1
te02567,1
te02568,1
te02569,1
te02570,1
te02571,1
te02572,1
te02573,1
te02574,1
te02575,1
te02576,1
te02577,1
te02578,1
te02579,1
te02580,1
te02581,1
te02582,1
te02583,1
te02584,1
te02585,1
te02586,1
te02587,1
te02588,1
te02589,1
te02590,1
te02591,1
te02592,1
te02593,1
te02594,1
te02595,1
te02596,1
te02597,1
te02598,1
te02599,1
te02600,1
te02601,1
te02602,1
te02603,1
te02604,1
te02605,1
te02606,1
te02607,1
te02608,1
te02609,1
te02610,1
te02611,1
te02612,1
te02613,1
te02614,1
te02615,1
te02616,1
te02617,1
te02618,1
te02619,1
te02620,1
te02621,1
te02622,1
te02623,1
te02624,1
te02625,1
te02626,1
te02627,1
te02628,1
te02629,1
te02630,1
te02631,1
te02632,1
te02633,1
te02634,1
te02635,1
te02636,1
te02637,1
te02638,1
te02639,1
te02640,1
te02641,1
te02642,1
te02643,1
te02644,1
te02645,1
te02646,1
te02647,1
te02648,1
te02649,1
te02650,1
te02651,1
te02652,1
te02653,1
te02654,1
te02655,1
te02656,1
te02657,1
te02658,1
te02659,1
te02660,1
te02661,1
te02662,1
te02663,1
te02664,1
te02665,1
te02666,1
te02667,1
te02668,1
te02669,1
te02670,1
te02671,1
te02672,1
te02673,1
te02674,1
te02675,1
te02676,1
te02677,1
te02678,1
te02679,1
te02680,1
te02681,1
te02682,1
te02683,1
te02684,1
te02685,1
te02686,1
te02687,1
te02688,1
te02689,1
te02690,1
te02691,1
te02692,1
te02693,1
te02694,1
te02695,1
te02696,1
te02697,1
te02698,1
te02699,1
te02700,1
te02701,1
te02702,1
te02703,1
te02704,1
te02705,1
te02706,1
te02707,1
te02708,1
te02709,1
te02710,1
te02711,1
te02712,1
te02713,1
te02714,1
te02715,1
te02716,1
te02717,1
te02718,1
te02719,1
te02720,1
te02721,1
te02722,1
te02723,1
te02724,1
te02725,1
te02726,1
te02727,1
te02728,1
te02729,1
te02730,1
te02731,1
te02732,1
te02733,1
te02734,1
te02735,1
te02736,1
te02737,1
te02738,1
te02739,1
te02740,1
te02741,1
te02742,1
te02743,1
te02744,1
te02745,1
te02746,1
te02747,1
te02748,1
te02749,1
te02750,1
te02751,1
te02752,1
te02753,1
te02754,1
te02755,1
te02756,1
te02757,1
te02758,1
te02759,1
te02760,1
te02761,1
te02762,1
te02763,1
te02764,1
te02765,1
te02766,1
te02767,1
te02768,1
te02769,1
te02770,1
te02771,1
te02772,1
te02773,1
te02774,1
te02775,1
te02776,1
te02777,1
te02778,1
te02779,1
te02780,1
te02781,1
te02782,1
te02783,1
te02784,1
te02785,1
te02786,1
te02787,1
te02788,1
te02789,1
te02790,1
te02791,1
te02792,1
te02793,1
te02794,1
te02795,1
te02796,1
te02797,1
te02798,1
te02799,1
te02800,1
te02801,1
te02802,1
te02803,1
te02804,1
te02805,1
te02806,1
te02807,1
te02808,1
te02809,1
te02810,1
te02811,1
te02812,1
te02813,1
te02814,1
te02815,1
te02816,1
te02817,1
te02818,1
te02819,1
te02820,1
te02821,1
te02822,1
te02823,1
te02824,1
te02825,1
te02826,1
te02827,1
te02828,1
te02829,1
te02830,1
te02831,1
te02832,1
te02833,1
te02834,1
te02835,1
te02836,1
te02837,1
te02838,1
te02839,1
te02840,1
te02841,1
te02842,1
te02843,1
te02844,1
te02845,1
te02846,1
te02847,1
te02848,1
te02849,1
te02850,1
te02851,1
te02852,1
te02853,1
te02854,1
te02855,1
te02856,1
te02857,1
te02858,1
te02859,1
te02860,1
te02861,1
te02862,1
te02863,1
te02864,1
te02865,1
te02866,1
te02867,1
te02868,1
te02869,1
te02870,1
te02871,1
te02872,1
te02873,1
te02874,1
te02875,1
te02876,1
te02877,1
te02878,1
te02879,1
te02880,1
te02881,1
te02882,1
te02883,1
te02884,1
te02885,1
te02886,1
te02887,1
te02888,1
te02889,1
te02890,1
te02891,1
te02892,1
te02893,1
te02894,1
te02895,1
te02896,1
te02897,1
te02898,1
te02899,1
te02900,1
te02901,1
te02902,1
te02903,1
te02904,1
te02905,1
te02906,1
te02907,1
te02908,1
te02909,1
te02910,1
te02911,1
te02912,1
te02913,1
te02914,1
te02915,1
te02916,1
te02917,1
te02918,1
te02919,1
te02920,1
te02921,1
te02922,1
te02923,1
te02924,1
te02925,1
te02926,1
te02927,1
te02928,1
te02929,1
te02930,1
te02931,1
te02932,1
te02933,1
te02934,1
te02935,1
te02936,1
te02937,1
te02938,1
te02939,1
te02940,1
te02941,1
te02942,1
te02943,1
te02944,1
te02945,1
te02946,1
te02947,1
te02948,1
te02949,1
te02950,1
te02951,1
te02952,1
te02953,1
te02954,1
te02955,1
te02956,1
te02957,1
te02958,1
te02959,1
te02960,1
te02961,1
te02962,1
te02963,1
te02964,1
te02965,1
te02966,1
te02967,1
te02968,1
te02969,1
te02970,1
te02971,1
te02972,1
te02973,1
te02974,1
te02975,1
te02976,1
te02977,1
te02978,1
te02979,1
te02980,1
te02981,1
te02982,1
te02983,1
te02984,1
te02985,1
te02986,1
te02987,1
te02988,1
te02989,1
te02990,1
te02991,1
te02992,1
te02993,1
te02994,1
te02995,1
te02996,1
te02997,1
te02998,1
te02999,1
te03000,1
te03001,1
te03002,1
te03003,1
te03004,1
te03005,1
te03006,1
te03007,1
te03008,1
te03009,1
te03010,1
te03011,1
te03012,1
te03013,1
te03014,1
te03015,1
te03016,1
te03017,1
te03018,1
te03019,1
te03020,1
te03021,1
te03022,1
te03023,1
te03024,1
te03025,1
te03026,1
te03027,1
te03028,1
te03029,1
te03030,1
te03031,1
te03032,1
te03033,1
te03034,1
te03035,1
te03036,1
te03037,1
te03038,1
te03039,1
te03040,1
te03041,1
te03042,1
te03043,1
te03044,1
te03045,1
te03046,1
te03047,1
te03048,1
te03049,1
te03050,1
te03051,1
te03052,1
te03053,1
te03054,1
te03055,1
te03056,1
te03057,1
te03058,1
te03059,1
te03060,1
te03061,1
te03062,1
te03063,1
te03064,1
te03065,1
te03066,1
te03067,1
te03068,1
te03069,1
te03070,1
te03071,1
te03072,1
te03073,1
te03074,1
te03075,1
te03076,1
te03077,1
te03078,1
te03079,1
te03080,1
te03081,1
te03082,1
te03083,1
te03084,1
te03085,1
te03086,1
te03087,1
te03088,1
te03089,1
te03090,1
te03091,1
te03092,1
te03093,1
te03094,1
te03095,1
te03096,1
te03097,1
te03098,1
te03099,1
te03100,1
te03101,1
te03102,1
te03103,1
te03104,1
te03105,1
te03106,1
te03107,1
te03108,1
te03109,1
te03110,1
te03111,1
te03112,1
te03113,1
te03114,1
te03115,1
te03116,1
te03117,1
te03118,1
te03119,1
te03120,1
te03121,1
te03122,1
te03123,1
te03124,1
te03125,1
te03126,1
te03127,1
te03128,1
te03129,1
te03130,1
te03131,1
te03132,1
te03133,1
te03134,1
te03135,1
te03136,1
te03137,1
te03138,1
te03139,1
te03140,1
te03141,1
te03142,1
te03143,1
te03144,1
te03145,1
te03146,1
te03147,1
te03148,1
te03149,1
te03150,1
te03151,1
te03152,1
te03153,1
te03154,1
te03155,1
te03156,1
te03157,1
te03158,1
te03159,1
te03160,1
te03161,1
te03162,1
te03163,1
te03164,1
te03165,1
te03166,1
te03167,1
te03168,1
te03169,1
te03170,1
te03171,1
te03172,1
te03173,1
te03174,1
te03175,1
te03176,1
te03177,1
te03178,1
te03179,1
te03180,1
te03181,1
te03182,1
te03183,1
te03184,1
te03185,1
te03186,1
te03187,1
te03188,1
te03189,1
te03190,1
te03191,1
te03192,1
te03193,1
te03194,1
te03195,1
te03196,1
te03197,1
te03198,1
te03199,1
te03200,1
te03201,1
te03202,1
te03203,1
te03204,1
te03205,1
te03206,1
te03207,1
te03208,1
te03209,1
te03210,1
te03211,1
te03212,1
te03213,1
te03214,1
te03215,1
te03216,1
te03217,1
te03218,1
te03219,1
te03220,1
te03221,1
te03222,1
te03223,1
te03224,1
te03225,1
te03226,1
te03227,1
te03228,1
te03229,1
te03230,1
te03231,1
te03232,1
te03233,1
te03234,1
te03235,1
te03236,1
te03237,1
te03238,1
te03239,1
te03240,1
te03241,1
te03242,1
te03243,1
te03244,1
te03245,1
te03246,1
te03247,1
te03248,1
te03249,1
te03250,1
te03251,1
te03252,1
te03253,1
te03254,1
te03255,1
te03256,1
te03257,1
te03258,1
te03259,1
te03260,1
te03261,1
te03262,1
te03263,1
te03264,1
te03265,1
te03266,1
te03267,1
te03268,1
te03269,1
te03270,1
te03271,1
te03272,1
te03273,1
te03274,1
te03275,1
te03276,1
te03277,1
te03278,1
te03279,1
te03280,1
te03281,1
te03282,1
te03283,1
te03284,1
te03285,1
te03286,1
te03287,1
te03288,1
te03289,1
te03290,1
te03291,1
te03292,1
te03293,1
te03294,1
te03295,1
te03296,1
te03297,1
te03298,1
te03299,1
te03300,1
te03301,1
te03302,1
te03303,1
te03304,1
te03305,1
te03306,1
te03307,1
te03308,1
te03309,1
te03310,1
te03311,1
te03312,1
te03313,1
te03314,1
te03315,1
te03316,1
te03317,1
te03318,1
te03319,1
te03320,1
te03321,1
te03322,1
te03323,1
te03324,1
te03325,1
te03326,1
te03327,1
te03328,1
te03329,1
te03330,1
te03331,1
te03332,1
te03333,1
te03334,1
te03335,1
te03336,1
te03337,1
te03338,1
te03339,1
te03340,1
te03341,1
te03342,1
te03343,1
te03344,1
te03345,1
te03346,1
te03347,1
te03348,1
te03349,1
te03350,1
te03351,1
te03352,1
te03353,1
te03354,1
te03355,1
te03356,1
te03357,1
te03358,1
te03359,1
te03360,1
te03361,1
te03362,1
te03363,1
te03364,1
te03365,1
te03366,1
te03367,1
te03368,1
te03369,1
te03370,1
te03371,1
te03372,1
te03373,1
te03374,1
te03375,1
te03376,1
te03377,1
te03378,1
te03379,1
te03380,1
te03381,1
te03382,1
te03383,1
te03384,1
te03385,1
te03386,1
te03387,1
te03388,1
te03389,1
te03390,1
te03391,1
te03392,1
te03393,1
te03394,1
te03395,1
te03396,1
te03397,1
te03398,1
te03399,1
te03400,1
te03401,1
te03402,1
te03403,1
te03404,1
te03405,1
te03406,1
te03407,1
te03408,1
te03409,1
te03410,1
te03411,1
te03412,1
te03413,1
te03414,1
te03415,1
te03416,1
te03417,1
te03418,1
te03419,1
te03420,1
te03421,1
te03422,1
te03423,1
te03424,1
te03425,1
te03426,1
te03427,1
te03428,1
te03429,1
te03430,1
te03431,1
te03432,1
te03433,1
te03434,1
te03435,1
te03436,1
te03437,1
te03438,1
te03439,1
te03440,1
te03441,1
te03442,1
te03443,1
te03444,1
te03445,1
te03446,1
te03447,1
te03448,1
te03449,1
te03450,1
te03451,1
te03452,1
te03453,1
te03454,1
te03455,1
te03456,1
te03457,1
te03458,1
te03459,1
te03460,1
te03461,1
te03462,1
te03463,1
te03464,1
te03465,1
te03466,1
te03467,1
te03468,1
te03469,1
te03470,1
te03471,1
te03472,1
te03473,1
te03474,1
te03475,1
te03476,1
te03477,1
te03478,1
te03479,1
te03480,1
te03481,1
te03482,1
te03483,1
te03484,1
te03485,1
te03486,1
te03487,1
te03488,1
te03489,1
te03490,1
te03491,1
te03492,1
te03493,1
te03494,1
te03495,1
te03496,1
te03497,1
te03498,1
te03499,1
te03500,1
te03501,1
te03502,1
te03503,1
te03504,1
te03505,1
te03506,1
te03507,1
te03508,1
te03509,1
te03510,1
te03511,1
te03512,1
te03513,1
te03514,1
te03515,1
te03516,1
te03517,1
te03518,1
te03519,1
te03520,1
te03521,1
te03522,1
te03523,1
te03524,1
te03525,1
te03526,1
te03527,1
te03528,1
te03529,1
te03530,1
te03531,1
te03532,1
te03533,1
te03534,1
te03535,1
te03536,1
te03537,1
te03538,1
te03539,1
te03540,1
te03541,1
te03542,1
te03543,1
te03544,1
te03545,1
te03546,1
te03547,1
te03548,1
te03549,1
te03550,1
te03551,1
te03552,1
te03553,1
te03554,1
te03555,1
te03556,1
te03557,1
te03558,1
te03559,1
te03560,1
te03561,1
te03562,1
te03563,1
te03564,1
te03565,1
te03566,1
te03567,1
te03568,1
te03569,1
te03570,1
te03571,1
te03572,1
te03573,1
te03574,1
te03575,1
te03576,1
te03577,1
te03578,1
te03579,1
te03580,1
te03581,1
te03582,1
te03583,1
te03584,1
te03585,1
te03586,1
te03587,1
te03588,1
te03589,1
te03590,1
te03591,1
te03592,1
te03593,1
te03594,1
te03595,1
te03596,1
te03597,1
te03598,1
te03599,1
te03600,1
te03601,1
te03602,1
